city,address,email,phone,country
Frutillar,648-2218 Eu Av.,urna.Nunc.quis@Donecfelis.co.uk,+367-643-2439,Austria
Sedgewick,"P.O. Box 679, 1606 Et St.",ullamcorper.viverra.Maecenas@molestietellusAenean.com,+113-708-2093,Moldova
Tulsa,"P.O. Box 101, 7685 Risus Street",risus@tinciduntadipiscing.co.uk,+539-298-6409,Congo (Brazzaville)
Kitscoty,Ap #695-8428 Viverra. Rd.,dapibus@temporarcu.org,+166-756-1496,Liechtenstein
San Mauro Marchesato,4508 Penatibus Ave,eleifend.Cras.sed@natoquepenatibus.edu,+665-158-5983,Qatar
Crawley,"P.O. Box 684, 2374 Erat Rd.",Aliquam.erat.volutpat@iaculisaliquetdiam.ca,+933-660-9325,Mauritania
Bonefro,Ap #174-4368 Lorem Road,mus.Proin.vel@semperegestas.co.uk,+572-103-7208,Seychelles
St. Asaph,Ap #822-2538 Eget Road,accumsan@aliquet.co.uk,+998-424-7059,Canada
Petit-Thier,9424 Fames Rd.,Aliquam.nisl@elitNullafacilisi.edu,+775-465-7656,Luxembourg
Pozo Almonte,Ap #170-5667 Hendrerit Rd.,laoreet.ipsum.Curabitur@ultricessit.edu,+528-568-2392,Guadeloupe
Zignago,213-7054 Ante Ave,bibendum.ullamcorper@Nullafacilisi.net,+866-601-5582,Romania
Lutterworth,583-4842 Nunc St.,velit.justo.nec@a.com,+884-756-9883,Congo (Brazzaville)
Amqui,9374 Aliquam Street,et.libero@viverra.ca,+504-578-1736,Germany
Feldkirch,Ap #228-6383 Interdum Rd.,elit.dictum.eu@sempertellus.edu,+481-374-1874,Jersey
Temuco,247-8720 Purus. Av.,mauris@tellus.edu,+839-576-2896,Puerto Rico
Beigem,"P.O. Box 831, 1426 Ut St.",risus.In@mattisvelit.edu,+497-640-5272,Brazil
Melsele,"P.O. Box 965, 7007 Luctus Road",Etiam.bibendum@nuncnulla.ca,+226-794-1806,Nigeria
Cholchol,277-7555 Proin Street,dui.Fusce@acorci.ca,+891-713-7855,Swaziland
Geel,"P.O. Box 462, 9895 Lobortis Avenue",euismod@eu.co.uk,+984-462-2069,Sudan
Serskamp,Ap #975-6186 Et Avenue,id.risus@sedturpisnec.org,+912-313-7148,Andorra
Asbestos,6259 Aliquam St.,Donec.tempus.lorem@tempor.ca,+679-635-8216,Liberia
Vilvoorde,Ap #217-1003 Rhoncus Rd.,dolor.Donec@necurnasuscipit.net,+556-781-6708,Lesotho
Cressa,904-4051 Tempus Ave,a@utquamvel.ca,+472-914-2124,South Africa
Calmar,"P.O. Box 804, 9863 Egestas. Rd.",Mauris.non.dui@urnaconvalliserat.ca,+499-968-9834,Martinique
Sioux City,Ap #354-1130 Ante Rd.,lectus@nec.edu,+950-131-9860,Northern Mariana Islands
Sambuca Pistoiese,"P.O. Box 134, 7223 Adipiscing Rd.",Fusce.aliquam.enim@Donectempor.edu,+271-272-3989,Aruba
Calera,"4820 Erat, Ave",Pellentesque.ultricies.dignissim@nislMaecenas.edu,+875-986-3434,Kenya
Fort William,928-9202 Laoreet Av.,ut@molestieorcitincidunt.com,+374-510-5261,Finland
Nova Iguaçu,8880 Fusce Street,semper.erat.in@euenimEtiam.ca,+343-944-5070,Faroe Islands
Delta,Ap #989-7486 Tincidunt Avenue,Lorem.ipsum.dolor@aliquet.net,+340-315-5641,"Bonaire, Sint Eustatius and Saba"
Boncelles,Ap #674-8732 Nulla St.,lorem.semper@mifringillami.ca,+337-466-7270,Suriname
Sant'Elpidio a Mare,3324 Dolor. Ave,tellus.lorem@pharetrased.org,+232-392-4994,Argentina
Smoky Lake,862-6762 Euismod Street,Nulla.dignissim.Maecenas@justo.ca,+360-404-8782,Barbados
Chalon-sur-Saône,"P.O. Box 353, 2787 Quisque Av.",semper.pretium.neque@sed.com,+981-708-3786,India
Owerri,"P.O. Box 565, 4681 Mi Road",dui.Fusce.aliquam@felis.org,+128-189-1393,Tanzania
Santu Lussurgiu,"P.O. Box 284, 1884 Ac Rd.",non.vestibulum@vitaesemperegestas.edu,+311-221-0382,Trinidad and Tobago
Gary,"6808 A, Rd.",ullamcorper@convallisligula.org,+482-522-5283,Finland
Toronto,"4958 Et, Ave",at.arcu.Vestibulum@risus.com,+635-598-3170,South Sudan
Kawawachikamach,9977 Tellus Ave,sit.amet.luctus@nunc.edu,+541-636-8276,Solomon Islands
Victoria,680-5547 In Av.,massa.rutrum.magna@iaculisaliquet.org,+940-876-8417,Turkmenistan
Menai Bridge,9814 Suspendisse Street,turpis.nec@ac.ca,+913-556-1532,Equatorial Guinea
Sylvan Lake,"P.O. Box 810, 2866 Sit Road",mattis.velit.justo@arcu.co.uk,+468-689-2076,United Kingdom (Great Britain)
Lier,"P.O. Box 808, 1729 Proin Rd.",Sed@pellentesquea.net,+560-187-2537,Venezuela
Surat,935-7561 Enim. Av.,est.arcu.ac@Suspendissealiquet.org,+390-272-9320,Niger
La Cruz,555-4497 Nam St.,non@aliquetmolestietellus.com,+193-516-5837,Guinea
Lanaken,Ap #193-6149 Elit. St.,velit.Cras@anteblanditviverra.net,+659-986-7889,South Georgia and The South Sandwich Islands
Prince Albert,262-8046 Lorem Street,nibh@fermentum.com,+962-454-5636,France
Jauchelette,"P.O. Box 124, 7770 Vestibulum Road",sem@semNullainterdum.net,+623-508-9030,American Samoa
Neunkirchen,348-3055 Enim Rd.,senectus.et.netus@dolorDonec.com,+905-661-3932,Solomon Islands
Rawalpindi,"P.O. Box 989, 8231 Et Rd.",at.velit@id.edu,+433-330-4366,Morocco
Joliet,"7520 Montes, Street",risus.Quisque@pulvinararcu.edu,+793-758-2924,Costa Rica
Swan,673-293 Ante Road,lectus.rutrum.urna@Uttincidunt.com,+897-231-3098,Austria
Arles,Ap #544-4665 A Rd.,volutpat@ullamcorperDuis.ca,+454-832-5757,Turks and Caicos Islands
Osgoode,Ap #119-9396 Vitae Ave,Curabitur@tacitisociosqu.org,+692-770-5871,Paraguay
Tongerlo,"201-2734 Montes, St.",orci@laciniamattis.edu,+264-956-6227,Curaçao
Curacautín,138 Magna. St.,mollis@feugiatplaceratvelit.net,+982-178-9401,Norfolk Island
Desamparados,8598 Facilisis Rd.,arcu@dictum.com,+105-489-7456,Slovenia
Anglet,8281 Faucibus Av.,Curabitur.sed.tortor@quisaccumsanconvallis.com,+374-279-3032,Brunei
Vanier,Ap #507-9509 Sodales Street,ac@senectuset.net,+487-273-5191,Bouvet Island
Dufftown,"P.O. Box 807, 5387 Nunc St.",non.sapien.molestie@auctor.co.uk,+701-244-6107,Anguilla
Móstoles,126-2981 Dolor. Avenue,massa.rutrum@Sedegetlacus.co.uk,+904-623-0872,Uganda
Puchuncaví,"P.O. Box 725, 9060 Sagittis St.",Aliquam.gravida@ipsumleo.net,+498-382-8274,Saint Martin
Lübeck,8141 Gravida Street,nunc.sit.amet@Quisque.org,+565-223-9446,Svalbard and Jan Mayen Islands
GrivegnŽe,2587 Neque St.,sit@vestibulumneque.com,+628-697-6270,Kiribati
Chetwynd,"P.O. Box 804, 2399 Natoque Rd.",erat.vitae.risus@rutrummagna.ca,+989-769-4652,"Bonaire, Sint Eustatius and Saba"
Rotorua,"1626 Orci, Av.",Suspendisse.aliquet.molestie@tempor.edu,+934-544-2671,Wallis and Futuna
Denderwindeke,487-5644 Elit Street,luctus@IncondimentumDonec.com,+482-213-9147,Norway
Roccalumera,Ap #416-1188 Quis Ave,ultrices.sit.amet@aliquam.ca,+480-909-2636,Côte D'Ivoire (Ivory Coast)
New Bombay,857-7394 Fames Road,mi.pede@pretiumaliquetmetus.co.uk,+850-810-8031,Brunei
Giugliano in Campania,Ap #986-1067 Pretium Rd.,Suspendisse@posuere.net,+810-583-6785,Bolivia
Matera,667-9186 Donec Street,id@placeratorcilacus.org,+894-921-4516,Ethiopia
North Bay,"P.O. Box 441, 3265 Purus. Av.",orci.lobortis@Nullamsuscipit.co.uk,+813-620-1741,Monaco
Isla de Maipo,674-3296 Placerat Avenue,a.arcu.Sed@cursusdiamat.com,+945-336-0764,Uruguay
Hudson Bay,6292 Ipsum. St.,consequat.auctor@risusIn.edu,+988-793-2192,New Zealand
Blevio,918-1850 Mauris Av.,dui.semper@ac.com,+372-713-0221,Equatorial Guinea
Vieste,"P.O. Box 641, 2032 Nunc Rd.",a.purus.Duis@elit.edu,+483-445-2694,Albania
Arviat,217-7092 In Rd.,magna.Sed@eutempor.com,+338-768-1907,Colombia
Portici,7124 Magna Ave,a.malesuada@bibendumDonec.ca,+605-970-6428,Papua New Guinea
Queenstown,"P.O. Box 153, 496 Orci Ave",et.rutrum.eu@mollisnec.co.uk,+382-606-5700,Mali
Saskatoon,9996 Mattis Ave,ullamcorper.eu@auguescelerisque.com,+520-377-6352,Bahrain
Portland,"2087 Lacus, Av.",neque@iaculisaliquet.co.uk,+846-650-5443,Jordan
Castello di Godego,"P.O. Box 649, 1818 Ut Av.",pharetra.Nam@velvulputateeu.org,+764-650-8184,Laos
Villanova d'Albenga,1905 Risus. Rd.,eleifend.non.dapibus@ascelerisque.co.uk,+880-782-2917,Zambia
Sedgewick,"P.O. Box 410, 5354 Molestie Avenue",vehicula@nonsollicitudina.edu,+651-882-4853,Estonia
Neder-Over-Heembeek,513-945 Dignissim. Rd.,Nulla.tempor@euaccumsan.com,+356-746-5402,Isle of Man
Miramichi,Ap #904-5327 Libero Av.,neque@velquamdignissim.com,+229-924-2567,Zambia
Versailles,8804 Phasellus Rd.,elit@mifelisadipiscing.net,+232-465-3854,Guadeloupe
Tampa,5857 Aliquet. Rd.,eros@nunc.edu,+105-913-5013,Guernsey
Onitsha,Ap #779-6379 Lobortis Road,Suspendisse.ac.metus@scelerisque.org,+519-405-2641,Macedonia
Águas Lindas de Goiás,599-674 Duis Street,pede.et@eu.com,+490-428-8017,Eritrea
Sint-Kwintens-Lennik,"P.O. Box 752, 2055 Dolor. St.",dolor@elit.com,+156-637-0611,Åland Islands
Valparai,422-1331 Dui. Street,egestas.Sed@pede.edu,+888-371-8236,Maldives
Biloxi,534-6973 Magna. Ave,semper.et.lacinia@ante.net,+901-758-5959,Zimbabwe
Landshut,769-4836 Dictum Rd.,est.Mauris@scelerisque.org,+501-635-3200,Gambia
Cappelle sul Tavo,"P.O. Box 484, 2255 Scelerisque Ave",vestibulum@velitegestaslacinia.org,+702-221-3532,Nigeria
Wichita,102-1540 Quis Street,malesuada.vel@faucibus.org,+380-168-0361,USA
Felixstowe,"P.O. Box 710, 2040 Euismod Avenue",Lorem.ipsum@rhoncusNullam.ca,+160-921-6490,Cyprus
Enterprise,"P.O. Box 835, 717 Nulla. Rd.",Pellentesque.habitant.morbi@at.com,+512-491-8546,Saint Pierre and Miquelon
Newcastle-upon-Tyne,Ap #464-4197 Duis Rd.,ipsum@tempus.ca,+328-139-7278,South Georgia and The South Sandwich Islands
Zonhoven,635-6607 Nisi Av.,ligula.elit.pretium@felis.ca,+178-603-6064,Japan